[
        {
        "name" : "🙋丫仙女",
        "server" : "http://alist.xiaoya.pro",
        "startPage" : "/",
        "showAll" : false,
        "search" : true
    },
        {
        "name" : "🐋一只鱼",
        "server" : "https://alist.youte.ml",
        "startPage" : "/",
        "showAll" : false,
        "search" : true
    },
        {
        "name" : "🌊七米蓝",
        "server" : "https://al.chirmyram.com",
        "startPage" : "/",
        "showAll" : false,
        "search" : true
    },
        {
        "name" : "🐉神族九帝",
        "server" : "https://alist.shenzjd.com",
        "startPage" : "/",
        "showAll" : false,
        "search" : true
    },
        {
        "name" : "☃️姬路白雪",
        "server" : "https://pan.jlbx.xyz",
        "startPage" : "/",
        "showAll" : false,
        "search" : true
    },
        {
        "name" : "✨星梦",
        "server" : "https://pan.bashroot.top",
        "startPage" : "/",
        "showAll" : false,
        "search" : true
    }]